mid,title,introduction,rating,releasedate,url
0,怪物,平静的湖畔小镇，疼爱儿子的单亲妈妈早织（安藤樱 饰）、为学生着想的爽直老师保利 （永山瑛太 饰）以及天真烂漫的孩子们本过着安稳的生活，却因为一次校园冲突，发酵酿成轩然大波，惹起社会与媒体的关注。当事态越见严重，竟在一个暴风雨的清晨，两个孩子双双失去了踪影……,8.6,2023-05-17(戛纳电影节),https://movie.douban.com/subject/35797709/
1,海王2：失落的王国 Aquaman and the Lost Kingdom,曾经不修边幅的亚瑟·库瑞（杰森·莫玛 Jason Momoa 饰），经过了一番磨难和艰苦拼杀之后，终于成为亚特兰蒂斯万众瞩目的海王。如今的他养尊处优，生活富足，与湄拉（安珀·赫德 Amber Heard 饰）婚姻幸福，并且育有一个可爱的儿子。当然高高在上的日子也充满无聊和枯燥，直到某一天，贼心不死的黑蝠鲼（叶海亚·阿卜杜勒-迈丁 Yahya Abdul-Mateen II 饰）找到了传说的黑三叉戟，旋即展开针对亚特兰蒂斯的报复。在冲突中，湄拉遭到重伤。在母亲（妮可·基德曼 Nicole Kidman 饰）的建议下，亚瑟找回了被自己亲手打败并流放的弟弟奥姆王（帕特里克·威尔森 Patrick Wilson 饰）。兄弟二人捐弃前嫌，展开了亚特兰蒂斯的保卫战……,6.4,2023-12-20(中国大陆),https://movie.douban.com/subject/30444942/
2,紫色 The Color Purple,[黑人为王]导演山姆·布里兹·巴扎乌勒将执导华纳音乐剧版[紫色]。该片改编自获托尼奖同名百老汇音乐剧，Marcus Gardley操刀剧本，史蒂文·斯皮尔伯格、奥普拉·温弗瑞、昆西·琼斯担任制作人。原音乐剧改编自艾丽丝·沃克创作同名小说，讲述了从20世纪早期到20世纪中期，美国南部非裔女性西丽的旅程。昆西·琼斯、奥普拉·温弗瑞曾为该音乐舞台剧的制作人，斯皮尔伯格1985年上映作品[紫色]同样为改编自艾丽丝·沃克创作小说。,7.2,2023-10-27(萨凡纳设计学院电影节),https://movie.douban.com/subject/3010390/
3,下一球成名 Next Goal Wins,该片以2013年同名英国纪录片为原型，讲述了美属萨摩亚足球队的故事，这支球队原本被称作世界上最差的球队，却不断努力最终在2014年的世界杯突破了自我。在球队取得佳绩的同时，同名纪录片也获得了英国独立电影奖最佳纪录片奖。,6.9,2023-09-10(多伦多电影节),https://movie.douban.com/subject/34790875/
4,舒克贝塔·五角飞碟,舒克贝塔驾驶着全新装备五角飞碟向宇宙出发冒险，但是当他们回到地球时突发意外，穿越到十年后的魔方市。老鼠们的航空公司已经被捣毁，有一伙自称“极盗团”的老鼠们，正在霸占机场做尽坏事！为了重建自己的家园，舒克贝塔加入极盗团展开了一场卧底行动！这一次坚强勇敢的舒克贝塔该如何应对？,6.3,2023-12-30(中国大陆),https://movie.douban.com/subject/35496650/
5,荒野 황야,在首尔变成一片末日荒野数年后，一名坚韧猎人所亲近的少女被进行人体实验的疯狂医生绑架，他于是前去解救。,5.7,2024-01-26(韩国网络),https://movie.douban.com/subject/35752369/
6,狗神 DogMan,落雨之夜，一辆卡车被警方逼停。驾驶室内坐着一名满身伤痕疲惫不堪的女子，可凑近却发现对方竟是个男人。男人的车上拉着上百条狗，种种诡异情况迫使警方将男人带回警局。男人自称名叫道格（卡莱伯·兰德里·琼斯 Caleb Landry Jones 饰），在他看来，狗如同家人，对人类有着无与伦比的信赖。他出生于一个暴戾的家庭，父亲驯养用于搏杀取乐的狗，他对这个软弱且同情心泛滥的儿子充满鄙夷，甚至将他关在狗笼里自我反省。轰然一枪截断了父子最后的羁绊，也让道格走上了与狗为伴的不归路。此后的岁月，他品味人世苦辣辛酸，曾经渴望爱情，也曾经试图融入社会。但是最后却发现，这个世界没有容纳他的位置。到头来，只有这群忠贞不二的狗狗，给了他最坚实的支撑和勇气……,8.2,2023-12-15(中国大陆),https://movie.douban.com/subject/35736202/
7,养蜂人 The Beekeeper,克莱（杰森·斯坦森 Jason Statham 饰）在乡下养蜂，平静度日。与其交好的房东奶奶帕克（菲利西亚·拉斯海德 Phylicia Rashad 饰），被一场网络诈骗卷走了所有慈善筹款，崩溃自杀。克莱获悉真相后，孤身勇闯诈骗集团复仇。追查中，克莱挖出诈骗团伙背后盘根错节的利益集团，面临疯子特工、权势财团、FBI的接连围剿，游离法律之外的暗卫组织“养蜂人”也牵扯其中，克莱的真实身份也浮出水面。克莱能否凭一己之力对抗滔天罪恶？新的“疯暴”正在袭来……,6.2,2024-01-12(美国/中国大陆),https://movie.douban.com/subject/35579652/
8,三大队,刑侦大队队长程兵（张译 饰）带领的三大队在办理一起恶性案件的过程中导致嫌犯之一意外死亡，被判入狱。出狱后依然坚持以普通人身份追踪在逃嫌犯。影片根据真实事件改编，原载于“网易人间工作室”作者深蓝的《请转告局长，三大队任务完成了》。,7.8,2023-12-15(中国大陆),https://movie.douban.com/subject/35208463/
9,爆裂点 爆裂點,缉毒总督察李振邦（张家辉 饰）和卧底警员江铭（陈伟霆 饰）秘密执行追捕毒贩计划，无奈遭遇险境，江铭被迫游走黑白边缘，逐渐失控。为坚守底线，昔日队友互生杀意。猜忌、愤怒、疯狂、失望……全员丧失理智，濒临崩溃边缘！,5.8,2023-12-08(中国大陆),https://movie.douban.com/subject/36010136/
10,涉过愤怒的海,老金（黄渤 饰）为供女儿金丽娜（周依然 饰）留学终日捕鱼，却换来女儿身中17刀离奇身亡的死讯，最大嫌疑人则指向她的男友李苗苗（张宥浩 饰）。愤怒的老金踏上跨海寻仇之路，李苗苗却在母亲景岚（周迅 饰）的庇护下不断潜逃……这场人性迷局中，究竟谁能抵达爱与宽恕的彼岸？,7.3,2023-11-25(中国大陆),https://movie.douban.com/subject/33456512/
11,再见，李可乐,为了完成女儿李妍（谭松韵 饰）高三前的小小心愿，父亲李博宇（吴京 饰）决心带着女儿远赴阿勒泰滑雪。却不料李博宇遭遇意外，全力抢救后仍陷入脑死亡的处境，让为妻为母的潘雁秋（闫妮 饰）做出了一个女人最艰难的决定。当家渐渐失温，一只名为可乐的小狗带着倔强闯入了她们的生活，成为母女争执的焦点，也成为苦乐烟火的陪伴。如何在伤痛后放下悔与执？如何在成长中习得爱与勇？当往日的困境重现，她们的人生，又是否有无憾的选择？,6.4,2023-12-01(中国大陆),https://movie.douban.com/subject/35943827/
12,坠落的审判 Anatomie d'une chute,Sandra、Samuel以及他们视力有障碍的儿子Daniel在偏远山区生活了一年。一天，Samuel在房子外面被发现死亡，警方立即展开了涉嫌命案的调查。在不确定的情况下，Sandra被控：这是自杀还是谋杀？一年后，Daniel参加了母亲的审判，这也是对他父母关系的真正剖析。,8.5,2024-03-29(中国大陆),https://movie.douban.com/subject/35633650/
13,枯叶 Kuolleet lehdet,故事讲述两个孤独的人在赫尔辛基的夜晚偶然相遇，并试图找到彼此生命中的第一个，唯一且最终的爱。他们通往这个目标的道路被男人的酗酒、丢失的电话号码、不知道彼此名字或地址，以及生活总倾向于在那些寻求幸福的人的道路上设置障碍所笼罩。,7.9,2024(中国大陆),https://movie.douban.com/subject/35928797/
14,金手指,用100元的投入换来百亿奢靡人生，看穷小子不择手段颠覆规则将财富和权势玩弄于股掌之中！上市公司嘉文集团在短短几年间从默默无名到风生水起，再到没落清盘，市值蒸发超过一百亿。幕后老板程一言（梁朝伟 饰）也从万众瞩目的股民偶像变成人人喊打的过街老鼠。高级调查主任刘启源（刘德华 饰）长达十五年锲而不舍地搜证和跨境调查，消耗超过两亿诉讼费，竟发现局中有局案中有案，牵涉数条人命并波及香港整个上流社会，究竟谁在幕后？谁能逃脱？谁会出局？,6.3,2023-12-30(中国大陆),https://movie.douban.com/subject/35074609/
15,杂种 Bastarden,17世纪中期，丹麦国王弗雷德里克五世为了增加税收，宣布对广袤的日德兰岛荒原进行殖民。但是当地土地贫瘠，强梁横行，数十年来许多征服者都无功而返，甚至命丧他乡。直到名叫路德维格·卡伦（麦斯·米科尔森 Mads Mikkelsen 饰）的士兵站了出来。路德维格出身卑微，饱受轻视，但是他提出用自己退休金来征服荒原，于是终于说服了政府官员。这个坚毅的男人来到充满凶险的陌生之地，经过一番辛苦和博弈终于建立起了国王之家。然而当地的地头蛇并不会轻易将到嘴边的土地让给这个外来户，因此威逼利诱要路德维格就范。双方互不让步，争斗在所难免……本片荣获第36届欧洲电影奖最佳男主角。,8.2,2023-09-01(威尼斯电影节),https://movie.douban.com/subject/35699773/
16,花月杀手 Killers of the Flower Moon,印第安人的一支欧塞奇族，从祖先的土地上被驱逐到了美国俄克拉何马州一块贫瘠之地，谁曾想这里居然发现了石油。欧塞奇人借此一跃成为时尚新贵的同时，也给自身带来了杀机。在此之后，许多白人涌入这片流淌着黑金的土地，不择手段攫取利益。一战退伍兵欧内斯特（莱昂纳多·迪卡普里奥 Leonardo DiCaprio 饰）为了生计辗转来此，投奔已经贵为名流舅舅威廉·黑尔（罗伯特·德尼罗 Robert De Niro 饰）。威廉和原住民关系密切，黑白通吃，然而和善的外表下包藏着贪婪的蛇蝎之心。他暗示欧内斯特追求富有的印第安女子莫莉（莉莉·格莱斯顿 Lily Gladstone 饰），而真正觊觎的则是她们家族所拥有的财富。短短数年间，数十名印第安人意外身亡。君子无罪，怀璧其罪……本片根据大卫·格兰的畅销著作改编。,7.3,2023-05-20(戛纳国际电影节),https://movie.douban.com/subject/26745332/
17,旺卡 Wonka,影片聚焦经典之作《查理和巧克力工厂》的主人公威利·旺卡（提莫西·查拉梅 饰），这位年轻且天赋异禀的发明家、魔术师、巧克力制作师，是如何经历奇幻冒险，成长为观众挚爱的巧克力工厂掌门人的故事。,7.5,2023-12-08(中国大陆),https://movie.douban.com/subject/26897888/
18,刀尖,1940年，多方势力盘踞南京，特工金深水（张译 饰）终日周旋于日本军方、汪伪政府和军统之间，如同行走于刀尖一般，有着多重身份的他，在满目疮痍的南京城里小心翼翼地活着，隐藏着真实的自己，也寻找着自己乃至整个民族的生路。直到他遇到了和他一样心怀国仇家恨、却似乎比他更游刃有余的林婴婴（郎月婷 饰），在和她并肩作战与各方势力展开明争暗斗的过程中，于乱世中求生的金深水第一次开始真正地觉醒……,5.4,2023-11-24(中国大陆),https://movie.douban.com/subject/30123879/
19,都是陌生人 All of Us Strangers,本片改编自山田太一的小说，讲述伦敦编剧亚当（安德鲁·斯科特 饰）偶然遇到了他的神秘邻居（保罗·麦斯卡 饰），之后亚当回到了童年的家中，他发现早已去世的父亲（杰米·贝尔 饰）和母亲（克莱尔·芙伊 饰）居然还活着——并且他们看起来和三十年前死去的那天一样的年纪。,7.5,2023-08-31(特柳赖德电影节),https://movie.douban.com/subject/35955811/
20,周处除三害 周處除三害,通缉犯陈桂林（阮经天 饰）生命将尽，却发现自己在通缉榜上只排名第三，他决心查出前两名通缉犯的下落，并将他们一一除掉。陈桂林以为自己已成为当代的周处除三害，却没想到永远参不透的贪嗔痴，才是人生终要面对的罪与罚。影片引用的“周处除三害”典故，见于《晋书·周处传》和《世说新语》。据记载，少年周处身形魁梧，武力高强，却横行乡里，为邻人所厌。后周处只身斩杀猛虎孽蛟，他自己也浪子回头、改邪归正，至此三害皆除。,7.9,2024-03-01(中国大陆),https://movie.douban.com/subject/36151692/
21,12年级的失败 12th Fail,基于IPS 官员 Manoj Kumar Sharma 和 IRS 官员 Shraddha Joshi 的真实故事改编。马诺杰-库马尔-夏尔马（Manoj Kumar Sharma）来自钱巴尔村，在那里考试作弊是家常便饭。他正在参加 12 年级考试，并想找一份小工的工作。但在考试期间，一位严厉的警官 DCP 杜什扬-辛格（Dushyant Singh）来到这里，阻止了作弊行为。 第二年，他通过了考试，梦想成为一名 IAS，但命运另有安排，Manoj 必须从一开始就努力学习。,8.2,2023-10-27(印度),https://movie.douban.com/subject/36629878/
22,坚如磐石,西南重镇金江市，一起公交汽车劫持爆炸案撬动了这座城市盘根错节的利益网。金五集团董事长黎志田（于和伟 饰）横跳政商两界，飞扬跋扈。而他的背后，金江市副市长郑刚（张国立 饰）则与之勾搭不清，相互牵制。郑刚的养子苏见明（雷佳音 饰）现供职于市公安局技术科，公交爆炸案的种种疑点令他察觉背后主使另有他人，于是执意追查幕后真相。另一方面，中央派来的调查组进驻金江市，其毫不妥协的气势令郑刚如坐针毡，为此不惜铤而走险，丢卒保车。然而以利益结成的同盟，不仅脆弱，更灭不了鱼死网破。钱外有钱，官上有官，无休无止的利益黑洞，裹挟覆灭了多少贪婪之徒……,6.1,2023-09-28(中国大陆),https://movie.douban.com/subject/33447633/
23,留校联盟 The Holdovers,预科学校巴顿学院的老师保罗（保罗·吉亚玛提 饰）不太受欢迎，不管是学生、老师还是校长，都不太喜欢他，他们觉得他浮夸又僵化。在1970年的圣诞假期，保罗留在了学校监督无法回家的学生。几天后，只有一个学生留了下来——一个名叫安格斯的15岁捣蛋鬼，他是一个被不良行为破坏的好学生，总是在被开除的边缘试探。与保罗和安格斯一起留下的还有学校厨师长玛丽，一个为特权阶层的儿子们提供服务的非裔美国妇女，她自己的儿子最近在越南失踪了。这三个截然不同的失意者组成了一个奇怪的圣诞家庭，在新英格兰大雪纷飞的两个星期里，分享着不幸经历，并意识到他们中没有人感谢自己的过去。,7.8,2023-08-31(特柳赖德电影节),https://movie.douban.com/subject/35496212/
24,完美的日子 Perfect Days,这是一部讲述平凡人在日常生活中寻找美好的电影。主人公平山是一名清洁工，对于平凡而规律的工作生活感到满足。除此之外，他热爱音乐、书籍和拍摄树木的照片。一次意外的相遇渐渐揭示了他的过去…,8.1,2023-05-25(戛纳电影节),https://movie.douban.com/subject/35902857/
25,绝境盟约 La sociedad de la nieve,1972 年，一支橄榄球队乘坐乌拉圭空军 571 号航班飞往智利。飞机在安第斯山脉中心的冰川上遭遇灾难性坠毁，45 名乘客中只有 29 人幸存。面对世界上最险恶的环境之一，他们被迫采取极端措施来保全性命。,7.5,2023-09-09(威尼斯电影节),https://movie.douban.com/subject/35693512/
26,萨特本 Saltburn,讲述关于特权和欲望的邪恶故事：奥利弗（巴里·基奥恩 Barry Keoghan 饰）努力在牛津大学里寻找自己的位置，他被魅力迷人贵族气派的菲利克斯（雅各布·艾洛蒂 Jacob Elordi 饰）所吸引，后者邀请他去到自家庞大的萨特本庄园，度过一个永生难忘的夏天。,6.7,2023-08-31(特柳赖德电影节),https://movie.douban.com/subject/35749948/
27,拿破仑 Napoleon,影片讲述了法国皇帝拿破仑（华金·菲尼克斯 Joaquin Phoenix 饰）从士兵到帝王波澜壮阔的一生，展现了拿破仑非凡的军事才能和战略远见。并通过他与其唯一挚爱约瑟芬（凡妮莎·柯比 Vanessa Kirby 饰）之间复杂纠葛的传奇情史，揭露了拿破仑鲜为人知的内心世界。,6.4,2023-12-01(中国大陆),https://movie.douban.com/subject/35224919/
28,奥本海默 Oppenheimer,当我们为权力金钱焦虑、兴奋与愤怒时，却根本想象不到“他们”在谈论着怎样更重要的事情。随着战争阴云笼罩世界上空，各国紧锣密鼓抓紧军事竞赛。为了抢占先机，美国陆军中将莱斯利·格罗夫斯（马特·达蒙 Matt Damon 饰）找到量子力学与核物理学领域的扛鼎人物罗伯特·奥本海默（基里安·墨菲 Cillian Murphy 饰），力荐其担任曼哈顿计划的首席科学家以及洛斯阿拉莫斯国家实验室的总负责人。经过两年争分夺秒的研发，硕大的蘑菇云终于在荒原的上空腾起，也宣告着绞肉机一般的二战即将落下帷幕。奥本海默有如将火种带到人间的普罗米修斯，可是对人性的参悟和对未来的担忧迫使他走向与政府相悖的道路。更可悲的是，凡人钟情的物欲也将一世天才裹挟至炼狱之中，永世燃烧……,8.8,2023-08-30(中国大陆),https://movie.douban.com/subject/35593344/
29,五月十二月 May December,在这对备受瞩目的夫妇——格雷斯（朱丽安·摩尔 Julianne Moore 饰）和比她小23岁的丈夫乔伊（查尔斯·梅尔顿 Charles Melton 饰）成名于一本充满八卦的小报之后，他们的浪漫故事已经风靡全国整整20年。如今，他们准备送他们的双胞胎孩子去大学。同时，好莱坞女演员伊丽莎白（娜塔莉·波特曼 Natalie Portman 饰）正在为一部拍摄格雷斯和乔伊爱情故事的电影做着演出准备，为了更好地理解她的角色，她决定前去格雷斯和乔伊的家中生活一段时间。乔伊从未真正面对过自己年轻时的过去，现在他已经超过30岁，成为了一个空巢家长，他开始直面生活的现实。在伊丽莎白和格雷斯互相审视对方的过程中，两位女性之间的相似之处和差异逐渐浮现。外部世界的压力也让这个家庭的动态关系逐渐出现裂痕，导致了一系列的冲突和挑战。,7.2,2023-05-20(戛纳电影节),https://movie.douban.com/subject/35295277/
30,法拉利 Ferrari,该片聚焦在1957年的夏天，讲述了法拉利与玛莎拉蒂争夺赛道霸主地位的传奇故事。一天早上，前赛车手恩佐·法拉利的妻子接到两通电话，被告知让·贝拉刚刚从米兰过夜赶来。发现法拉利并不在家中，妻子劳拉十分恼火，因为两人一直在维系着名存实亡的婚姻，他们约定每天早上必须准时一起喝咖啡。当法拉利得知，贝拉此次专程来米兰，就是为了挑战法拉利的赛车记录，他打电话向朋友莫所里尼求助。气急败坏的妻子直接向法拉利开枪，她告诉法拉利，他们的公司将要破产。他们的儿子迪诺两年前死于肌肉萎缩症。当法拉利在教堂和墓地沉浸于失落和悲伤的情绪中时，贝拉已经在赛道上蓄势待发。意外不断，他的赛道好友莫所里尼不幸去世。法拉利别无选择，必须迎战危险的米尔·米利亚，拿到赞助资金。米尔·米利亚赛程艰辛，途径山谷、树林、草地、急流，遭遇暴雪等极端天气，到处充满着危险，一路上法拉利与玛莎拉蒂等赛车经历激...,5.6,2023-08-31(威尼斯国际电影节),https://movie.douban.com/subject/26368295/
31,画江湖之天罡,大周年间，时局动荡，奸臣当道。直属帝王的秘密暗杀组织不良人一夜之间突然群龙无首，不良帅袁天罡留下一纸书信辞官而去。失去人生方向的袁天罡，在好友李淳风留下的锦囊的指引下，来到了长安安乐阁，却不曾想到此地竟是风月之所。而接下来发生的一切，随着寻求自由之人、寻求不死之人、寻求权力之人的逐一登场，为袁天罡的旅途拉开了新的序幕……,8.2,2023-12-29(中国大陆网络),https://movie.douban.com/subject/36066128/
32,热搜,热搜背后，真相究竟是什么？自媒体主编陈妙（周冬雨 饰）参透流量密码，打造爆款文章冲上热搜，却间接助推了当事人“霸凌者”女学生的跳楼。就在此时，陈妙意外发现女学生曾发来的求助信息，并牵扯出一桩性侵案。陈妙的合伙人何言（宋洋 饰），投资方富商岳鹏（袁弘 饰）陆续卷入其中。舆论多次转向，事件背后又隐藏着怎样的利益链条，一场为弱者发声的舆论战打响……,5.8,2023-11-30(中国大陆),https://movie.douban.com/subject/35498648/
33,无价之宝,“石头”石振邦（张译 饰）和杨武（潘斌龙 饰）这对落魄兄弟经营五金店艰难维生，为追讨欠款，他们不得不暂时照看欠债人的孩子芊芊。两人在与芊芊的相处中从最初嫌弃“拖油瓶”竟潜移默化地转变成千方百计“为女儿战斗”，生活粗放的他们内心也变得越来越柔软……,6.3,2023-11-10(中国大陆),https://movie.douban.com/subject/35448384/
34,3天的休假 3일의 휴가,孤独地离开人世的母亲福子（金海淑 饰）与无意送别母亲的女儿珍珠（申敏儿 饰），她们的重逢得益于母亲获得上天给予的“休假”。母亲在从阴间便一起同行的向导带领下，开始了限期三天的旅行。母亲在这期间一直观察著女儿，女儿虽然看不到母亲却能感受到她就在自己的身边徘徊。这对母女获得了新的沟通机会，她们回顾了过去的时光，也分享了现在的苦乐，一起度过梦幻般的时间。,7.9,2023-12-06(韩国),https://movie.douban.com/subject/34880019/
35,一闪一闪亮星星,张万森（屈楚萧 饰）计划在高考后向暗恋已久的女生林北星（张佳宁 饰）表白，突如其来的演唱会事故却让一切变成了一场无可挽回的悲剧，没想到的是，痛苦无助的张万森竟意外重启了这个夏天，再次回到悲剧发生前的林北星身边，而重启夏天的秘密，仿佛没有想象中那么简单……这一次，拼尽全力的张万森能否成功守护林北星，让所有刻骨铭心的遗憾都得以圆满? 星河流转中的某个瞬间，青春里的那场绵绵大雪，能不能落在相爱的两人身上？,5.6,2023-12-30(中国大陆),https://movie.douban.com/subject/35768712/
36,芭比 Barbie,在梦幻浪漫的芭比乐园里，美丽自信的芭比们每日过着快乐无忧的生活，她们活跃在每一个工作岗位，肯是点缀，女孩的聚会才至关重要。直到某一天，我们的主角芭比（玛格特·罗比 Margot Robbie 饰）突然提到了生死，她的完美生活毫无征兆发生改变。她的口气不再清新，面容开始犹豫憔悴，也无法轻盈地从顶楼飘落下来。经前辈点播，她意识到人类世界某个人和她建立着联系，而那个人的心境似乎正投射到芭比的身上来。为了找回曾经的完美生活，芭比和肯（瑞恩·高斯林 Ryan Gosling 饰）辗转来到现实世界，并经过一番波折见到了葛洛莉娅（亚美莉卡·费雷拉 America Ferrera 饰）母女，而肯也在见识到男权社会的魅力之后，心中升起要改变芭比乐园的念头……,8.0,2023-07-21(美国/中国大陆),https://movie.douban.com/subject/4058939/
37,星愿 Wish,在位于伊比利亚半岛外有一片梦幻之地，17岁的亚莎（阿丽亚娜·德博斯 Ariana DeBose 配音）和她的宠物山羊生活在被称为愿望王国的罗萨斯，人们从四面八方来到这里，向一位神奇的国王麦尼菲科（克里斯·派恩 Chris Pine 配音）表达他们的愿望，后者承诺有一天会满足他们最深的愿望，而只有他才能决定哪些愿望将在何时实现。机敏的的理想主义者阿莎许下了一个尤其强大的愿望，得到了宇宙力量的回应——一个被称为星星的充满无限能量的小球。阿莎和星星一同面临最强大的敌人，推翻麦尼菲科的统治以拯救她的社区，并证实当一个勇敢之人的意志与星星的魔力相结合后，奇妙的事情就会发生。,6.6,2023-11-24(中国大陆),https://movie.douban.com/subject/36090455/
38,奈德 Nyad,《泳不放弃》是一个关于坚韧、友谊和人类精神胜利的非凡真实故事，讲述了世界级运动员黛安娜·尼亚德精彩的人生故事。30年前，黛安娜（四次获得奥斯卡金像奖提名的安妮特·贝宁饰）放弃长距离游泳，转而成为一名杰出的体育记者。在 60 岁时，她开始痴迷于完成一项她一直未能完成的史诗般的游程：从古巴到佛罗里达，全程 110 英里，人称游泳界的“珠穆朗玛峰”。黛安娜决心成为第一个在没有防鲨笼的情况下完成这段游程的人，她与老友兼教练邦尼·斯托尔（两届奥斯卡金像奖得主朱迪·福斯特饰）以及一支敬业的帆船队一起踏上了一段激动人心的四年之旅。这部鼓舞人心的电影是奥斯卡金像奖获奖纪录片制片人伊丽莎白·柴·瓦沙瑞莉和金国威（《徒手攀岩》、《泰国洞穴救援》）的导演处女作。《泳不放弃》由安德鲁·拉泽尔 (p.g.a.) 和特迪·施瓦斯曼 (p.g.a.) 制作，朱莉娅·考克斯担任编...,8.4,2023-09-01(特柳赖德电影节),https://movie.douban.com/subject/35385225/
39,绿夜,中国移民静霞在首尔机场安检处工作，某天一个绿发女孩闯入了她的视线。这个对搜身检查毫不在乎的女孩让静霞着迷。为了摆脱各自无用的丈夫，她们冒险走进韩国黑帮的领地，与试图支配和占有她们的人抗争——她们学会了只依靠自己。,5.3,2023-02-17(柏林电影节),https://movie.douban.com/subject/36217770/
40,长安三万里,安史之乱后数年，吐蕃大军压境，战况危机。剑南西川节度使高适奋力抵抗，然孤兵难支，只得退守云山城。夜幕降临，大雪如轮，朝廷却派来程公公持节监军。高适得知对方讯问的正是他“加害李白”的缘由，于是在昏黄的烛光下，缓缓道出了他和李白起于微末时的故事，以及盛唐文坛的一时盛况。遥想当年，父母双亡的高适决心去长安求取功名，途中遇到文采飞扬且乐观傲慢的李白。他们踌躇满志，却发现空有文采和抱负却报国无门。长安之后，李白南下扬州，高适则继续等待晋升的机会。在这一过程中，杜甫、王维、常建、李龟年、吴道子、张旭等群星璀璨，交替登场，共同谱写了大唐盛世最瑰丽的画卷。而高适和李白的友情，也将在历史大潮的背景下跌宕沉浮……,8.3,2023-07-08(中国大陆),https://movie.douban.com/subject/36035676/
41,枯草 Kuru Otlar Üstüne,隐藏在小亚细亚的茫茫冬雪中，是看不见尽头的凄沧。小学老师萨密自比枯草，一直期待快将调职回城市的学校，但某日一封学生藏在笔记簿里写给他的情书被发现，衍生出他性骚扰学生的指控。梦想幻灭、同袍情谊恶化、其他教职员之间的窃窃私语，使得萨密临近崩溃边缘。直到遇见帮他克服难关的女老师，让这绝望的寒冬起了变化。土耳其电影大师努里·比格·锡兰时隔四年带来新作，借人与人之间的伤痛和救赎，既自省亦警世。餐桌上一场群体与个人、抗争与妥协的意识形态思辩，更令人拍案叫绝。女主角凭此片夺得戛纳电影节最佳女演员殊荣，成为史上首位土耳其戛纳影后。,7.5,2023-05-19(戛纳电影节),https://movie.douban.com/subject/35211729/
42,非诚勿扰3,秦奋（葛优 饰）与梁笑笑（舒淇 饰），老狐狸与比目鱼，爱情故事万千，取其一对展开。两人结婚十年，梁笑笑找到心之所向，开始四海为家。一别之后，两地相悬。以为是三四月，又谁知五六七八九十年。好友老范（范伟 饰），见其思念难解，忧其岁月蹉跎，故赠予一仿生智能人（舒淇 饰），模样若笑笑，伴其左右。岁月时而静好，时而吵闹，时而苦中有笑，智能人也日渐有了曾经佳人的味道。本是良辰美景，故事突发变故，又一笑笑开锁入门，一笑笑莞尔一笑，一笑笑笑里藏刀，一切如梦如幻，如真似假。秦奋射出的箭，如今正中自己的靶心。谁去谁留？且在跨年揭晓。,6.0,2023-12-30(中国大陆),https://movie.douban.com/subject/26769592/
43,孤注一掷,南亚某国，由于当地政府监管不力以及有意纵容，诈骗产业极其昌盛，炒股、挖币、网游、电商、博彩等，各种手段层出不穷，花样百出。某个科技产业园内，诈骗团伙头目陆经理（王传君 饰）张狂傲慢，用诡计和暴力统治着这个血泪王国。程序员潘生（张艺兴 饰）离开之前的公司，根据高薪招聘启示走入了陆经理设下的圈套，成为一名利用网络诈骗的狗推。因为羡慕闺蜜的生活，模特梁安娜（金晨 饰）也飞到异国他乡寻找机会，结果护照被没收，成为陆经理手下利用美色诈骗的工具。进入人间炼狱，仿佛再也见不到活着出去的希望……本片以缅北诈骗案为蓝本改编。,6.9,2023-08-08(中国大陆),https://movie.douban.com/subject/35267224/
44,挡马夺刀,影片取材于京剧名段《挡马》，讲述了杨业（吴樾 饰）战死幽州后，皇上御赐给杨家的九环金锋定宋宝刀落入辽邦，杨八姐（张新童 饰）与杨九妹（刘欣蕾 饰）悲愤之下前往辽国夺回宝刀，返程途中遇见流落异乡的宋将焦光普（松天硕 饰），双方不打不相识，后携手护送宝刀返回故土的故事。,5.5,2024-01-25(中国大陆网络),https://movie.douban.com/subject/36341509/
45,二手杰作,就读于某重点中学的高一学生马墨（郭麒麟 饰）似乎并未继承自己中文系毕业的老爸的基因，他一天到晚浑浑噩噩，对女性尤其同班的何苗苗有着出乎常人的兴趣。终于在某个夜晚，马墨爬女寝外墙偷拍不慎坠楼，陷入昏迷。马墨的老爸马寅波（于和伟 饰）正是儿子学校的语文老师，他本就不满儿子的不上进，而“耍流氓未遂”的传言更令他恼羞成怒，于是这位三十多年笔耕不辍却郁郁不得志的男人，代笔为马墨写了一封文采飞扬的遗书。一石激起千层浪，遗书的深邃和思考让校长、同学乃至全社会都重新认识了马墨，他们趋之若鹜，几近疯狂。而马寅波也干脆将错就错，以儿子的名义将自己被退回来的稿件结集出版。一切看似顺理成章，直到马墨突然苏醒……,6.6,2023-10-27(中国大陆),https://movie.douban.com/subject/35242824/
46,河边的错误,20世纪90年代，江南某个小镇。阴郁的河边，幺四婆婆被人残忍杀害。好大喜功的警察局长（侯天来 饰）定了调子，此案一定追查到底。刑警队长马哲（朱一龙 饰）带着徒弟小谢（佟林楷 饰）对死者周边关系展开调查，得知老太太生前与人为善，还收养了一个疯子（康春雷 饰）。而从疯子这里，似乎又找不到更多的突破点。丢失在现场的女士书包引起马哲注意，通过包内的磁带，他找到了女包的主人及其相关者，但依旧捋不出头绪。局长认定疯子就是凶手，应该尽快结案。可就在此时，新的死者出现了……本片根据余华的同名小说改编。,7.3,2023-10-21(中国大陆),https://movie.douban.com/subject/35256092/
47,名侦探柯南：黑铁的鱼影 名探偵コナン 黒鉄の魚影,故事发生在东京八丈岛近海，一座将全球各地警方监控相连接的高科技设施——“太平洋浮标”即将启动。为了与欧洲刑警组织管辖的范围联网，来自世界各地的工程师聚集在这里。基于人脸识别的全新“黑科技”也正在测试中……与此同时，柯南一行人前往八丈岛观鲸，途中柯南接到冲矢昴（赤井秀一）的电话，被告知欧洲刑警组织成员在德国遭到琴酒的杀害。为调查真相的柯南潜入“太平洋浮标”。正当工程师们正在为系统启动而展开准备工作时，一桩案件突然发生！一名女工程师被黑暗组织绑架，她手中存有核心技术的U盘也落入了黑暗组织手中！此时，水下传来未知潜水艇逼近的声音，令人毛骨悚然，一个神秘的黑影也正在悄悄接近灰原哀……,6.6,2023-12-16(中国大陆),https://movie.douban.com/subject/35873969/
48,潜行 潛行,4吨毒品秘密抵达香港后人间蒸发，幕后黑手竟是看上去人畜无害的律师林阵安（刘德华 饰）。借助暗网直播贩毒，一边杀人一边利用法律脱罪，无恶不作的林阵安不知道自己已悄悄被警察和仇家锁定。最好的兄弟、最爱的妻子先后遭遇变故，穷途末路的他彻底疯狂，想要让全世界付出代价……,5.6,2023-12-29(中国大陆),https://movie.douban.com/subject/35927496/
49,别流淌呀，河水 リバー、流れないでよ,某个宁静冬日，京都贵船的料理旅馆老店藤屋。站在贵船川旁的服务生美琴（藤谷理子 饰）被女将（本上真奈美 饰）叫回去工作。可是，两分钟后，她发现自己再次站在河边。而且不止她，旅馆里的其他员工和住客都开始觉得奇怪，他们发现自己被困在两分钟的循环之中。两分钟后，时间倒转，一切又回到原处，但他们的记忆却依然保留。众人决定合力找出事件背后的原因，但美琴却心情复杂……,7.1,2023-06-23(日本),https://movie.douban.com/subject/36300768/
50,蜘蛛侠：纵横宇宙 Spider-Man: Across the Spider-Verse,地球-65，蜘蛛女格温（海莉·斯坦菲尔德 Hailee Steinfeld 配音）因为好友彼特之死而充满愧疚，而父亲对蜘蛛侠的误解也让她倍感焦虑。某次行动中，格温结识了来自其他宇宙的同伴米圭尔·奥哈拉和杰西卡·德鲁。从他们口中得知，为了防止多元宇宙进一步崩坏，米圭尔策划成立了由蜘蛛侠中的精英组成的突击队。格温受邀加入他们，并利用时空穿梭的机会来到了地球-1610，见到久违的迈尔斯（沙梅克·摩尔 Shameik Moore 配音）。此时的迈尔斯和父母关系紧张，他憧憬格温，渴望加入突击队又遭到拒绝。随后迈尔斯又听到一个可怕的消息，每一个宇宙中，失去至亲正是所有蜘蛛侠的可悲宿命……,8.5,2023-06-02(美国/中国大陆),https://movie.douban.com/subject/30391186/
51,天降幸运 Coup de chance,影片是伍迪·艾伦的第50部电影长片，故事以当代巴黎为背景，围绕着两个年轻人之间的浪漫故事展开，他们是老友，步入婚姻殿堂后，却逐渐演变为对婚姻不忠，最终走向犯罪。,6.5,2023-09-04(威尼斯电影节),https://movie.douban.com/subject/35603796/
52,红色天空 Roter Himmel,一个炎热、干燥的夏日，如同过去几年一般。森林火灾是无法控制的。四个年轻人在离阿伦斯霍普不远的波罗的海度假屋里相遇。慢慢地，不知不觉中，他们被火焰筑成的围墙所包围。红色的天空笼罩着他们。他们充满怀疑，他们满是害怕——但却不是因为火灾。是爱让他们害怕：“谁会在坠入爱河时死去 ……！”他们越来越亲近，他们渴望着，他们相爱着。然而熊熊火焰已无限逼近。,7.7,2023-02-22(柏林电影节),https://movie.douban.com/subject/35221425/
53,年少日记 年少日記,一封没署名的遗书、一群看似无恙的学生，让中学老师郑Sir想起充满暴力与遗憾的童年往事。他亦面对妻子离别、父亲病危，同时必须找出企图轻生的同学，阻止悲剧重现。第五届“首部剧情电影计划”大专组得奖作品。,8.6,2023-11-16(中国香港),https://movie.douban.com/subject/34940879/
54,飞鸭向前冲 Migration,飞鸭马拉德一家向南迁徙前往热带的牙买加，却意外闯入疯狂大都市纽约？在紧张刺激的飞行之旅中，他们将如何化险为夷？,7.5,2023-12-08(中国大陆),https://movie.douban.com/subject/36086942/
55,沉默笔录,平西镇位于西南某地，90年代乡镇治安由联防队维护，联防队长李立忠（章宇 饰）的父亲意外死亡，与此同时镇里发生诡异的连环杀狗案，李立忠带领队员通过蹩脚的探案手法进行调查，通过一系列荒诞行动，李立忠发现杀狗案竟与父亲的死亡有千丝万缕的关系。在那个野蛮生长的时代下，面对真相的李立忠只能以沉默作答。,6.6,2023-12-01(中国大陆),https://movie.douban.com/subject/30396283/
56,我爱你！,空巢老人常为戒（倪大红 饰）和拾废品的孤寡老太李慧如（惠英红 饰）不打不相识，却渐渐互生情愫；年迈的谢定山（梁家辉 饰）、赵欢欣（叶童 饰）夫妻俩靠收卖废品为生，妻子赵欢欣更是一直深受疾病的困扰……四位老人，两对爱人，在步入生命终章之时，他们用力而纯粹地相爱。哪怕不再有明天，也要对彼此说出那句“我爱你！”。故事改编自韩国同名漫画。,7.9,2023-06-21(中国大陆),https://movie.douban.com/subject/35818074/
57,偷破天际线 Lift,瑞斯·惠特克（凯文·哈特饰）率领一帮来自世界各地的盗贼，他们分秒必争，目标是要把价值 5 亿美元的黄金偷到手，然而这起抢案报酬高，难度更是破天高，因为劫盗大计将在 12000 公尺高空的客机上演。本片由盖瑞·葛雷执导，凯文·哈特、古古·玛芭塔劳、文森·多诺夫、乌苏拉·可贝萝、比利·马格努森、维菲克·卡尔拉、金允智、山姆·沃辛顿主演。,5.6,2024-01-12(美国网络),https://movie.douban.com/subject/35874112/
58,自由之声 Sound of Freedom,本片基于令人难以置信的真实事件改编，联邦探员蒂姆·巴拉德（吉姆·卡维泽 Jim Caviezel 饰）在把一个小男孩从残忍的儿童拐卖犯罪中解救出来之后，得知男孩的姐姐同样被拐，他决定冒险前去营救，但政府无法派兵到他国领土救援。时间紧迫，蒂姆辞去工作，深入哥伦比亚丛林以身犯险，誓要把女孩从生不如死的命运中解救出来。,7.8,2023-07-04(美国),https://movie.douban.com/subject/30454682/
59,利益区域 The Zone of Interest,电影讲述了奥斯维辛集中营的指挥官鲁道夫·霍斯和他的妻子海德薇格在集中营旁的一所房子里和花园中为他们的家庭打造梦想生活的故事。,7.8,2023-05-19(戛纳电影节),https://movie.douban.com/subject/35169716/
60,俄罗斯方块 Tetris,影片改编自知名电子游戏《俄罗斯方块》的著作权争夺。在1980年代末期，防弹软件的荷兰游戏设计师亨克·罗杰斯（塔伦·埃哲顿 Taron Egerton 饰）为了获得“俄罗斯方块”的版权，深入冷战时期的苏联，与苏联当局进行谈判。,8.0,2023-03-15(西南偏南电影节),https://movie.douban.com/subject/26087471/
61,断网假期 Leave the World Behind,阿曼达（朱莉娅·罗伯茨 Julia Roberts 饰）和她的丈夫克莱（伊桑·霍克 Ethan Hawke 饰）是一对幸福美满的夫妻，阳光明媚的日子里，阿曼达一家四口前往长岛享受美好假期。未曾想意外突然降临，一艘万吨邮轮毫无征兆冲上沙滩。惊恐万分的一家人回到他们租住的别墅，这时发现网络却断掉，迟迟未曾恢复。夜幕降临，别墅的主人乔治（马赫沙拉·阿里 Mahershala Ali 饰）和女儿罗丝（米哈拉·赫罗德 Myha’la Herrold 饰）不约而至，从对方口中得知，城里的网络却不中断，他不得已才返回住处。半信半疑的阿曼达从电视新闻中得知，整个城市遭到了莫名攻击，网络全面中断。次日醒来，情况依旧没有好转，而这个世界仿佛变得万分陌生，无比疯狂……,6.0,2023-10-25(美国电影学会电影节),https://movie.douban.com/subject/35151492/
62,感恩节 Thanksgiving,马萨诸塞州普利茅斯，某年感恩节大促销活动，一场悲剧即将上演。搞促销活动的超市门口，贪婪饥渴的男女躁动不安，跃跃欲试。而让大众备受刺激的是，超市老板的女儿杰西卡（内尔·维拉克 Nell Verlaque 饰）居然带着好友们提前入场选购，甚至中间有人还隔着玻璃挑逗门外的顾客。于是，躁动的人群愤怒了，他们冲过工作人员的阻拦，宛如末日一般的哄抢拉开帷幕，而在这一过程中接连有人死于意外。惨剧之后的一年，超市老板接连做善事试图消弭影响，可是等到新的感恩节到来前夕，一个面具男所主导的屠戮接二连三出现。面具男的目的只有一个，那就是杀掉所有引发去年感恩节惨剧的相关人员……,6.2,2023-11-04(莫比多电影节),https://movie.douban.com/subject/3775098/
63,杀手 The Killer,法国巴黎某处共享办公室内，一名神秘杀手（迈克尔·法斯宾德 Michael Fassbender 饰）正静待猎物的到来。他外表冷酷，沉默寡言，内心则絮絮不止，一遍又一遍重复着作为杀手的准则，仿佛这样才能使他有所凭依，内心安定。然而即便如此，他准备了数日的刺杀却以失败告终。失手之后，杀手按照既定的路线迅速撤离，并在上线的安排下躲到多米尼加的家中暂避风头。谁知才刚踏上自家院落，他就嗅出了危险气息。原来在此之前，早已有两名杀手踏足此地，并将杀手的妻子（索菲·夏洛特 Sophie Charlotte 饰）殴至重伤。杀手恼羞不已，他根据仅有的线索，一路追查幕后的指使和参与者。一旦失手，万劫不复，此时此刻他有切身体会……,6.6,2023-09-03(威尼斯电影节),https://movie.douban.com/subject/2998451/
64,疯狂元素城 Elemental,曾几何时，火焰一族的火柱和怀孕的妻子灯花背井离乡，远渡重洋，来到了元素城开始新的生活。经过十数年的经营，火柱老板的杂货店开得有声有色，而气竭力衰的他也开始琢磨将这家店传给开朗热情却脾气火爆的独生女小焰。在独自筹备某次促销活动时，小焰家的地下室管道出现意外，她也进而邂逅了水一族的青年渡阿波。阿波感性善良，作为市政府检查员，他不得不准备给这家店开出罚单。可是，这个店凝聚了小焰父亲全部的心血啊！为了阻止阿波，小焰使出浑身解数。而就在这一过程中，水火不相容的两个人开始尝试了解对方……,7.1,2023-06-16(美国/中国大陆),https://movie.douban.com/subject/35901878/
65,农民 Chłopi,影片改编自诺贝尔文学奖得主、波兰著名作家符瓦迪斯瓦夫·莱蒙特的同名小说，讲述农家女孩贾格娜尽管深爱着儿子安特克，但还是被迫嫁给了年长的富农博瑞纳，后来贾格娜成为村民羡慕嫉妒恨的对象，不得不为维护自己的独立而奋斗。故事发生在19世纪和20世纪的波兰乡村，故事的戏剧性转折与季节的变化、田间的 辛勤劳作和当地的传统节日相联系。多洛塔·科别拉执导，灵感来自19世纪流行的现实主义和前印象派绘画，将采用超过60位画家的手绘技术，完成电影的79000帧画面。,8.0,2023-09-08(多伦多电影节),https://movie.douban.com/subject/35191489/
66,不虚此行,人这一生怎样才算不虚此行？闻善（胡歌 饰）在平衡自己与世界的关系中寻找着答案。他是一个“掉队”的普通编剧，一次偶然的机会让他改以撰写悼词为生。在与各色普通人的相遇里，闻善慰藉他人、也获得了温暖，最终找到了自己的人生方向。,7.0,2023-09-09(中国大陆),https://movie.douban.com/subject/35432345/
67,音乐大师 Maestro,这部无畏的爱情故事记述了音乐传奇人物伦纳德·伯恩斯坦（布莱德利·库珀 Bradley Cooper 饰）和费利西亚·蒙泰莱格雷·科恩·伯恩斯坦（凯瑞·穆里根 Carey Mulligan 饰）持续一生的复杂感情。,5.8,2023-09-02(威尼斯电影节),https://movie.douban.com/subject/26653386/
68,照明商店,深巷的尽头，一间“照明商店”长年亮着灯，神秘的老板（刘奕君 饰）细心擦拭着每一个灯泡，形形色色的客人络绎不绝。护士许念（章若楠 饰）和男友郑满（白宇帆 饰）新搬进了商店附近的公寓。她渐渐发现，这里的每一个人，心底都有一个不可言说的秘密。暴风雨之夜，她走进了巷尾的照明商店，答案渐渐被揭开……影片改编自姜草同名漫画《照明商店》。,6.4,2023-12-08(中国大陆),https://movie.douban.com/subject/36086210/
69,饥饿游戏：鸣鸟与蛇之歌 The Hunger Games: The Ballad of Songbirds & Snakes,18岁的科里奥兰纳斯·斯诺（汤姆·布莱斯 饰）被选为第十届饥饿游戏的导师，与来自第十二区的贫困女孩露西·格蕾·贝尔德（瑞秋·齐格勒 饰）成为了“生死相依”的命运共同体。竞技场上，这是一场关乎自由、食物，甚至是尊重与权利的生死角逐；竞技场外，不忍与善意使斯诺决定不顾一切帮助露西在这场游戏中赢得胜利......当活下去的欲望与所遵守的规则背道而驰，命运的齿轮紧抓入自己手中时，他又该如何抉择？影片改编自苏珊·柯林斯的同名小说。,6.8,2023-11-17(美国/中国大陆),https://movie.douban.com/subject/34438298/
70,银河护卫队3 Guardians of the Galaxy Vol. 3,历经磨难与考验，银河护卫队总算在虚无之地暂时安顿下来。可就在某一天，不速之客亚当术士（威尔·保尔特 Will Poulter 饰）的闯入不仅打破了这里的安宁与祥和，更将一场生死危机带到这群好朋友中间。战斗中，火箭浣熊（布莱德利·库珀 Bradley Cooper 配音）身负重伤，奄奄一息。为了拯救好友的生命，星爵（克里斯·帕拉特 Chris Pratt 饰）和星云（戴夫·巴蒂斯塔 Dave Bautista 饰）、毁灭者（戴夫·巴蒂斯塔 Dave Bautista 饰）、螳螂女（庞·克莱门捷夫 Pom Klementieff 饰）、格鲁特（庞·克莱门捷夫 Pom Klementieff 饰）卡魔拉（佐伊·索尔达娜 Zoe Saldana 饰）前往创造了火箭的奥果公司寻找起死回生的办法。然而在那个诡异的世界，他们意外发现了火箭浣熊不为人知的悲惨过往…...,8.4,2023-05-05(美国/中国大陆),https://movie.douban.com/subject/26258779/
71,拯救嫌疑人,某东南亚国家，华人律师陈智琪（张小斐 饰）正值事业的巅峰期，她所向披靡，连续累积了三十场不败的辩护纪录，名声在业内和社会上广为人知的同时，也遭受着来自检方和原告的质疑与咒骂。平日里忙于工作的她，终于抽出空参加女儿恩恩（王弋萱 饰）的幼儿园运动会，可谁曾想女儿就在众目睽睽被人绑架。在此之后，智琪惶恐不已，而警方不以为意的态度更令她失望无助。没过多久，神秘人送来女儿的照片和一部手机，并通过电话要求他五天之内为一审被判处死刑的青年丹温（洪浚嘉 饰）做无罪辩护，否则就要撕票。无奈之下，智琪只得接收这桩案子，并找来正被停职的发小——刑警金志雄（李鸿其 饰）协助调查辩护证据。争分夺秒，正邪对立，又对错莫辨……,5.8,2023-11-01(中国大陆),https://movie.douban.com/subject/35875180/
72,看不见的朋友 我的麻吉4個鬼,以为人生走到绝路，却被鬼带上岔路。地狱倒楣男阿纬（曾敬骅 饰）举目无亲无依无靠，老板跑路工作也丢了，万念俱灰下只想结束自己倒霉的人生，没想到不仅死不成还被4个冤鬼缠身，衰上加衰！经过发发大师“降落”指点，只要完成4鬼遗愿就可以送他们安心上路，于是阿纬只好心不甘情不愿开始一段帮鬼圆梦的超级任务。过程中和救护员筱茵越走越近，阿纬的命运被这群鬼带到一条全新的岔路……,7.3,2023-08-18(中国台湾),https://movie.douban.com/subject/35954480/
73,好像也没那么热血沸腾,前职业篮球运动员魏国铮（魏翔 饰）退役之后，在一所高校担任篮球教练。从小争强好胜的他一直将正在另一所学校球队执教的同期马教练（艾伦 饰）视为最大竞争对手。结果在一场关键比赛中，两位教练由于场外互殴而双双被取消执教资格。在此之后，魏教练被校长下放到一所特殊学校担任教练。这所名为仁爱之家的学校聚集了一群智力方面存在障碍的大孩子和小孩子，如母如姊的乐光（王智 饰）全心打理他们的一切。魏教练的到来如同一场及时雨，因为这群孩子即将走上赛场参加属于他们的特运会。从来将胜利放在第一位的魏国铮，这一次将体会到不一样的人生……,6.8,2023-09-28(中国大陆),https://movie.douban.com/subject/35882742/
74,"星条红与皇室蓝 Red, White & Royal Blue",Alex Claremont-Diaz（泰勒·扎克哈尔·佩雷斯 Taylor Zakhar Perez 饰）身为美国总统之子，在国家中是如同王子一般的存在，同时也是他的母亲，美国首位女总统Ellen Claremont（乌玛·瑟曼 Uma Thurman 饰）的智囊团成员。然而，成为知名人士也有其不利的一面，当他与其宿敌—来自大洋彼岸英国的Henry王子殿下（尼古拉斯·加利齐纳 Nicholas Galitzine 饰），两个人在Henry兄长大婚晚宴上争吵的照片，被披露给八卦小报，严重威胁到美国与英国之间的关系。为了控制住情势，他们不得不在非常时期采取特殊手段：联手伪造Alex与Henry之间的好友关系。Alex为了帮助母亲抵御嗜血的对手，已经十分忙碌，他最不需要的就是一个拖慢他工作效率的王子。然而在被迫相处之下，Alex逐渐发现，也许Henry...,7.6,2023-08-11(美国网络),https://movie.douban.com/subject/33406097/
75,混凝土乌托邦 콘크리트 유토피아,该片以大地震后荒废的首尔为背景，讲述聚集在此地唯一剩下的“皇宫公寓”里的生存者们的故事。,6.3,2023-08-09(韩国),https://movie.douban.com/subject/35166209/
76,赛艇男孩 The Boys in the Boat,影片根据丹尼尔·詹姆斯·布朗的同名畅销小说改编，讲述1936年，华盛顿大学几个普通家庭成长的男生组建了一支赛艇队，他们一路过关斩将，在比赛中接连击败哈佛大学和耶鲁大学，还击败了东道主德国最强赛艇队，最终斩获奥运会金牌。,6.7,2023-12-25(美国),https://movie.douban.com/subject/6999837/
77,碟中谍7：致命清算（上） Mission: Impossible – Dead Reckoning Part One,大洋深处，一艘俄罗斯潜水艇正在执行常规任务，但是突发意外导致潜艇爆炸，全体机组人员无一幸免。而这个谜一样的事故，还隐藏着一个足以颠覆世界的大秘密。此后不久，特工伊森·亨特（汤姆·克鲁斯 Tom Cruise 饰）接到任务，要去寻找两把造型独特的钥匙。钥匙组合在一起后能够 控制不断进化并拥有独立思考能力的人工智能，从而可帮助政治家实现称霸世界的野心。不愿被政治家利用的伊森找到好搭档卢瑟·斯蒂克尔（文·瑞姆斯 Ving Rhames 饰）、班吉·邓（西蒙·佩吉 Simon Pegg 饰）恩和伊尔莎·浮士德（丽贝卡·弗格森 Rebecca Ferguson 饰），开始试图找到并摧毁钥匙，这也意味着他们将与全世界为敌。而在行动过程中，性感女贼格蕾丝（海莉·阿特维尔 Hayley Atwell 饰）无意卷入其中，使这场危险游戏变得愈加扑朔迷离……,7.6,2023-07-14(中国大陆),https://movie.douban.com/subject/30433455/
78,爱丽丝和特蕾丝的梦幻工厂 アリスとテレスのまぼろし工場,"因为一起突发的钢铁厂爆炸事故，失去了所有出口的城镇陷入停滞，居住在那里的初三学生正宗过着沮丧的日子。为了有朝一日能恢复原样，居民们被禁止改变，过着沉闷的生活。在这期间，正宗被神秘的同班同学睦实引导，踏入了钢铁厂的第五高炉。在那里，他们遇到了一位无法说话、像野狼一样的少女。两位少女与正宗的相遇打破了世界的平衡，不满于平凡生活的少年少女们的无法抑制的""恋爱冲动""开始摧毁世界——。",6.2,2023-09-15(日本),https://movie.douban.com/subject/35508787/
79,封神第一部：朝歌风云,天寒地冻，杀气逼人。大商二王子殷寿（费翔 饰）带领亲手调教的质子旅和殷商大军征讨叛乱的冀州侯苏护，却无意间解除了轩辕坟中妖狐的封印。妖狐附身苏护之女妲己（娜然 饰）的身上，被殷寿带回朝歌献给父王和王兄。夜宴之上，大王子智乱神迷，拔剑弑父。在此之后，殷寿继承王位，而天降灾异又迫使他做出自焚祭天的决定。与此同时，昆仑仙人姜子牙（黄渤 饰）携封神榜下山，寻找天下共主，以期救拔苍生。在朝歌期间，他觉察到殷寿的残暴，遂匆匆逃离。另一方面，曾视殷寿为明主的王子殷郊（陈牧驰 饰）以及西伯侯质子姬发（于适 饰）也发现了商王的私欲和妲己的诡异之处。阴云密布的朝歌，即将掀起一场血雨腥风……,7.8,2023-07-20(中国大陆),https://movie.douban.com/subject/10604086/
80,茶啊二中,初三三班最调皮的“学渣”王强（邢原源 配音）和“暴躁班主任”石妙娜（王博文 配音）意外互换了身体，压迫已久的王强过了一把当班主任的瘾，石妙娜也体会到了做“学渣”的滋味。石妙娜的公开课比赛日期临近，二人急需找到换回身体的方法，却遇到重重阻碍……,7.3,2023-07-14(中国大陆),https://movie.douban.com/subject/34880018/
81,梦想情景 Dream Scenario,Nicolas Cage饰演Paul Matthews，一个拥有终身教授头衔的平平无奇家庭男子，热爱进化生物学以及对自己的一事无成感到焦虑。有一天，他发现自己出现在别人的梦中。和生活中一样，他在这些梦中的存在是平庸和非侵入性的——他只是在那里，冷漠地盯着陌生人的幻想和噩梦。尽管如此，他一夜之间成为了一名名人，享受着爆火的洗礼。但是，保罗逐渐发现这是一个潘多拉的盒子，梦中的自己开始莫名思妙地变得暴力……,6.8,2023-09-09(多伦多电影节),https://movie.douban.com/subject/36076190/
82,本日公休,阿蕊（陆小芬 饰）开了四〸年男士家庭理发，小小的家庭理发店收藏了各种人间的生老病死、聚散离合。面对生活的烦扰，阿蕊总是以她台湾欧巴桑的精神，毫不认输的面对人生。时间一天天过去，她的客人老了。有天阿蕊接到一通电话，搬到远方的老客人生病无法出门剪头发，拜托阿蕊到府服务。面对各种反对，阿蕊想起师傅教她“这一行要服务客人到底”。挂上“本日公休”的牌子，她要出发上路，去做一件所有人都认为不值得的事……,8.1,2023-03-03(中国台湾),https://movie.douban.com/subject/34850550/
83,AI创世者 The Creator,近未来，人类工业文明高度发达，智能机器人的技术日新月异，并且正逐渐成为社会运转推动时代进步的重要组成部分。可就在某一天，一枚核弹落在旧金山。人类指控智能机器人制造了这场悲剧，于是拉开了和机器人旷日持久的战争。数年之后，美国耗费巨资打造了名为“游牧者”的舰艇，随时随地摧毁人工智能的巢穴。而在当时，只有新亚洲仍有人工智能的据点。特种部队探员约书亚（约翰·大卫·华盛顿 John David Washington 饰）潜入新亚洲，并与监控的对象玛雅（嘉玛·陈 Gemma Chan 饰）结为夫妇。可在一次行动之后，他与知晓他真实身份的玛雅失之交臂。时间又过了五年，约书亚奉命随队迁入新亚洲寻找人工智能的创造者。可是这一次，他却成为了背叛者……,6.1,2023-09-26(奇幻电影节),https://movie.douban.com/subject/35453476/
84,贱女孩 Mean Girls,影片改编自2004年蒂娜·菲编剧的同名电影和百老汇音乐剧，故事讲述新转学来的女孩Cady Heron（安格瑞·赖斯 Angourie Rice 饰）如何与“校园女王”Regina George（芮妮·拉普 Reneé Rapp 饰）展开竞争、取而代之。同时她必须学会如何在高中这个最残酷的丛林中保持真实的自己。影片片名其实是“刻薄女孩”的意思，这正是蒂娜·菲创作本片的初衷——有时候对女性最刻薄的反而是女性。,6.2,2024-01-10(法国),https://movie.douban.com/subject/34963556/
85,白塔之光,本片讲述独自生活的美食专栏撰稿人谷文通（辛柏青 饰），偶然间认识了同样一个人的摄影师欧阳文慧（黄尧 饰），两个孤独的灵魂相互陪伴，一起徘徊在人来人往的北京街头，寻找内心的归宿。一次偶然的机会，谷文通得知了欧阳文慧的隐痛往事，又发现了自己父亲（田壮壮 饰）失联四十多年的真相，让他的生活有了新的变化……,7.0,2023-10-27(中国大陆),https://movie.douban.com/subject/35424892/
86,不要见怪 No Hard Feelings,想保住车和母亲留下房子的Uber司机Maddie（詹妮弗·劳伦斯 饰），答应了一对富豪夫妇的请求，替他们内向又古怪的19岁儿子Percy（安德鲁·巴特·费尔德曼 饰）在上大学之前破处，然而Maddie很快就发现事情并没有她想象中那么简单。,6.5,2023-06-15(中国香港),https://movie.douban.com/subject/35733431/
87,30天 30일,讲述曾经是爱情片现在是惊悚片的婚姻生活结束前30天之际，因为意外事故突然间失去记忆的丈夫和妻子之间的浪漫爱情。,6.9,2023-10-03(韩国),https://movie.douban.com/subject/36070881/
88,波士顿连环命案 Boston Strangler,影片聚焦臭名昭著的波士顿扼杀者谋杀案：1962年到1964年，13名单身女性在公寓被袭击、性侵、勒死，警方经调查锁定嫌犯Albert DeS alvo，后者认罪被判终身监禁，之后在监狱被人杀死。此案存在诸多疑点，真正的连环杀手和杀害DeSalvo之人至今仍是谜。,6.8,2023-03-17(美国网络),https://movie.douban.com/subject/35614661/
89,博很恐惧 Beau is Afraid,男主角博是一个极度焦虑但看上去和蔼可亲的男人，因为从未见过父亲，导致他和专横的母亲关系紧张。博在一个神秘的情况下得知母亲去世，回家路上却发现关于自己的令人震惊的过去。在这旅途中，他遇到了各种疯狂的超自然威胁。,7.1,2023-04-20(中国香港),https://movie.douban.com/subject/35381711/
90,祭屋出租 บ้านเช่าบูชายัญ,小宁（尼塔莎 饰）和科文（苏格拉瓦 饰）是一对恩爱的夫妻，两人育有一女莹莹。某天，夫妻俩决定从搬家至公寓，并将原住处出租给一位年迈的退休医生（彭帕克 饰）及他的女儿。房子出租后，小宁接获邻居投诉房子每到半夜都会传来奇怪的声音，科文也开始出现诡异的行为，莹莹更遭受一股邪恶力量的威胁。究竟这对房客的来历为何？为了逃出恐惧，小宁将不惜一切代价寻找真相……,7.3,2023-04-06(泰国),https://movie.douban.com/subject/36244313/
91,家庭计划 The Family Plan,讲述一个住在郊区的父亲（马克·沃尔伯格 饰）在他隐藏的过往即将揭秘时、如何带领家人逃亡的故事。,6.5,2023-12-15(美国网络),https://movie.douban.com/subject/36127988/
92,间谍过家家 代号：白 劇場版 Spy x Family Code: White,出色的间谍“黄昏”化身为心理医生劳埃德·福杰，与拥有“读心术”的超能力女孩阿尼亚、杀手约尔组成各怀秘密但意外温馨的“伪装家庭”，在共同经历笑料百出的家庭闹剧后，将踏上第一次“家庭旅行”。然而，在愉快的旅途中，阿尼亚却发现了一个可能会撼动世界和平的“秘密”，令人措手不及的大危机事件来袭！世界的命运，又一次掌握在了这意外不断的临时一家人手中！,7.9,2024(中国大陆),https://movie.douban.com/subject/36190889/
93,小行星城 Asteroid City,影片被描述为“对生命意义的诗意沉思”。故事发生在1955年一座虚构的美国沙漠小镇，镇上正在举办一场年轻天文学家/太空人大会，原本的计划是让来自美国全国各地的学生和家长聚集在一起进行学术竞赛并且争取奖学金，但是却意外被即将改变全世界的大事件打乱原来的行程。,6.7,2023-05-23(戛纳国际电影节),https://movie.douban.com/subject/35209746/
94,燃冬,延吉是中国北方边境的一个小镇，从上海来参加婚礼的浩丰（刘昊然 饰）感到有些迷茫。一次偶然的机会，他遇到了娜娜（周冬雨 饰），一个让他着迷的年轻导游。她把他介绍给一个厨师朋友韩萧（屈楚萧 饰），他们三个人很快就因为韩萧的一顿饭而结下了友谊。这次热烈的接触使他们面对自己的过去和秘密，他们沉睡的欲望慢慢解开，就像长白山的风景和雪林一样。,5.5,2023-08-22(中国大陆),https://movie.douban.com/subject/35672437/
95,命案,风尘女子凤姐遭逢死劫，于是拜托疯疯癫癫的命理大师老许（林家栋 饰）帮忙化解，怎奈命中注定，难改半分。狂风暴雨之夜，凤姐还是遭到雨夜屠夫的残忍杀戮。机缘巧合，茶餐厅送外卖的小哥阿东（杨乐文 饰）意外撞见凶案现场，满地血泊勾起了他心底最为阴暗凶残的欲望。救命来迟的老许懊恼之余，发现阿东的诡异之处。事后他找上门来为阿东算命，得知对方受风水等方面影响，注定性格凶残，并且还会因为杀人遭受二十年的牢狱之灾。为了救助这个青年，老许决定再次为他逆天改命，哪曾想出师未捷，各种厄运也接二连三向老许袭来。正所谓万般皆是命，半点不由人……,7.2,2023-04-20(中国香港),https://movie.douban.com/subject/35524438/
96,去年夏天 L'été dernier,安妮是一名律师，和丈夫皮埃尔以及两个领养的女儿原本过着平稳幸福的生活，直到西奥搬进了他们家中。西奥是皮埃尔与前妻的孩子，性格叛逆且无礼。然而，在与安妮的几次相处之后，两人逐渐产生了一段无法收拾的激情，但这对安妮的事业和家庭来说无疑是致命的。本片改编自2019年的丹麦电影《红心女王》。,6.7,2023-05-25(戛纳电影节),https://movie.douban.com/subject/35418779/
97,电锯惊魂10 Saw X,经诊断，约翰·克莱默（托宾·贝尔 Tobin Bell 饰）的癌症已病入膏肓，去日无多。就在他心情极度低落之际，曾经癌症互助会的伙伴向他透露了一个消息，有一位名叫塞西莉娅·佩德森（西诺薇·玛考迪·伦德 Synnøve Macody Lund 饰）的研究了一种新型疗法，并且治愈率极高，很多买入鬼门关的患者因此从获新生。渴望延续生命的约翰主动联系到塞西莉娅，得知对方为了躲避大型制药公司的追杀已经逃到墨西哥境内。在对方悉心指引下，约翰辗转来到了邻国，接受了这项神奇的手术。可是术后他很快发现，所谓的新型疗法居然是一场骗局，所有在他身边出现过的人都是诈骗团伙的一员。愤怒不已的约翰找到阿曼达和警探，展开了针对塞西莉娅一伙的血腥惩罚……,7.4,2023-09-25(比利时),https://movie.douban.com/subject/36116844/
98,第八个嫌疑人,一九九五年，广东发生一起大型武装劫钞案，一辆银行运钞车被五名持枪匪徒抢劫，损失高达一千五百万，三名押钞员更在事件中丧生。事件震惊全国，公安局马上成立专案组，以王守月（林家栋 饰）和何蓝（张颂文 饰）为首的刑警迅速搜证，成功掌握五名抢匪去向并逐一拘捕。叫人意外的是，抢匪供出案件背后的真正策划者，竟是一家建筑公司的老板陈信文（大鹏 饰）及其堂弟陈欣年（孙阳 饰）。陈信文和陈欣年功败垂成，踏上逃亡之路，从此人间蒸发。时间一晃二十一年，当年的案件早已淡出大众的视野，王守月也从公安局退休。然而，一条寻常不过的视频上出现的一个模糊身影，却让他重燃破案的希望。王守月只身前往边境城市，寻找视频中的“陌生人”。最后的正邪对决，在二十一年后正式展开。,6.0,2023-09-09(中国大陆),https://movie.douban.com/subject/34436452/
99,只想爱你 Anyone But You,男才女貌的Bea（西德妮·斯威尼 Sydney Sweeney 饰）和 Ben（格伦·鲍威尔 Glen Powell 饰）在初次约会时就发生一件天大误会，令二人恋人未满就变仇人。谁知天意弄人，他们竟在一场异地婚礼上重逢！面对亲朋戚友大大力的推波助澜，各怀鬼胎的二人决定顺 应民意假扮情侣。在仇人和情侣之间，你来我往，狠狠恋上。,6.2,2023-12-22(美国),https://movie.douban.com/subject/36245733/
100,千寻小姐 ちひろさん,在一个平凡的海边小镇，一家便当店门口人头攒动。粗犷的男子们大声谈笑，似乎他们都知道这个永远挂着甜美笑容的店员千寻（有村架纯 饰）曾从事过风俗业的缘故，于是肆无忌惮地开着下流玩笑。面对男人的调戏和女人的嘲讽，千寻始终微笑面对。空闲的时候，她去附近的公园锻炼身体，周身散发着阳光与朝气。对生活感到窒息的少女久仁子被千寻的气质所吸引，于是便偷偷观察她，拍摄她。出身单亲家庭的男孩小诚缺少关爱，他则以粗暴的方式对待千寻。当然，这两个性格截然不同的小朋友最终和千寻建立起了纯洁的友情。阳光明媚，不知是否能照亮孤独安静的角落呢？本片根据安田弘之的同名漫画改编。,7.8,2023-02-23(日本网络),https://movie.douban.com/subject/35791966/
101,不要太期待世界末日 Nu astepta prea mult de la sfârsitul lumii,一名超负荷工作、工资过低的制作助理不得不拍摄一部由跨国公司委托拍摄的工作场所安全视频。但一位受访者发表的声明迫使他重新编造自己的故事，以适应公司的叙述。,7.7,2023-08-04(洛迦诺电影节),https://movie.douban.com/subject/35772577/
102,夺宝奇兵5：命运转盘 Indiana Jones and the Dial of Destiny,故事设定于上世纪60年代，琼斯博士（哈里森·福特 Harrison Ford 饰）即将迎来退休，但来访的故人之女海伦娜（菲比·沃勒-布里奇 Phoebe Waller-Bridge 饰）却打破了他平静的生活，后者希望和他一同寻找能够改变历史走向的宝物“命运转盘”，这也唤起了一段尘封已久的回忆。在二战末期，琼斯曾与纳粹争夺过“命运转盘”。宛如宿命一般，如今他再次被卷入“命运转盘”的争夺，而纳粹的残余势力也卷土重来，觊觎着这件宝物。,7.0,2023-06-30(美国/中国大陆),https://movie.douban.com/subject/3819860/
103,闪电侠 The Flash,自从成为正义联盟中的一员，闪电侠巴里（埃兹拉·米勒 Ezra Miller 饰）便成为一个日夜忙碌的超级英雄。可是虽然他已经具备了拯救世人的非凡能力，却依旧对自己既定的命运束手无策。父亲弑妻案（朗·里维斯顿 Ron Livingston 饰）复审在即，关键证据又无法有效 佐证。由于之前对战荒原狼时曾短暂超越光速穿越时空，巴里不顾蝙蝠侠（迈克尔·基顿 Michael Keaton 饰）的劝阻，一路穿越到母亲遇害的那一天。他原本以为通过不起眼的小动作能够拯救母亲，却不曾想宇宙因为这个意外转折而发生蝴蝶效应。当巴里回到自己变成闪电侠的前夕，他发现父母健康快乐的生活，而海王、钢骨、戴安娜等超级战士似乎缺席了这个时代。更糟糕的是，追杀超人的佐德将军（迈克尔·珊农 Michael Shannon 饰）降临地球，他将在毫无阻碍的情况下毁灭世界……,7.7,2023-06-16(美国/中国大陆),https://movie.douban.com/subject/3011317/
104,吾爱敦煌,影片记述了“敦煌女儿”，国家荣誉称号获得者樊锦诗坚守大漠，守护世界宝藏莫高窟的壮丽人生故事。扎根敦煌五十余载，樊锦诗（陈瑾 饰）与敦煌研究院的同事们一起，孤独的与西北的漫天风沙搏斗，抢救和保护莫高窟内的每一件文物; “绝不能让莫高窟在我们这一代里传没了!”时光步入千禧年，面对浩荡袭来的市场化浪潮与来自四面八方的游客，樊锦诗却赫然发现，原来对莫高窟内国宝威胁最大的，从来都不只是自然环境，而是叵测的人心......在年过花甲后，她必须要走出自己埋头苦干一辈子的“洞子”了……,7.1,2023-11-17(中国大陆),https://movie.douban.com/subject/34852932/
105,伸冤人3 The Equalizer 3,退休特工兼私人侦探罗伯特·麦考尔（丹泽尔·华盛顿 饰）大杀四方为复仇之路写下最后一章。他放弃了为政府担任杀手的生活，并一直在努力调解过去所做的可怕之事，在代表被压迫者伸张正义时，他的内心找到了一种奇怪的慰藉。在意大利南部，罗伯特发现他的新朋友被犯罪头目控制了，随着事件变得致命起来，罗伯特知道自己必须与黑手党交手，以保护朋友安全。,7.2,2023-08-31(中国台湾),https://movie.douban.com/subject/35736400/
106,蜡笔小新：新次元！超能力大决战 しん次元！クレヨンしんちゃんTHE MOVIE 超能力大決戦 ～とべとべ手巻き寿司～,故事讲述住在诺斯特拉达姆斯邻镇的努斯特拉达马斯留下了一个预言：“在 20 和 23 并列的年份，天上会降下两道光芒。一道是黑暗之光，另一道是小小的白光……不久，黑暗之光就会拥有强大的力量，扰乱和平，给世界带来巨大的混乱。”然后 2023 年夏天，两道光从宇宙接近。等待晚饭的新之助被白色的光击中了，身体充满不可思议的力量。“屁股……屁股热乎乎的……”一用力，玩具就会漂浮在空中！这是才能利新之助诞生的瞬间。另一方面，沐浴着黑光、成为黑暗护手的男人的名字是非理谷充。打工不顺利，推的偶像结婚，甚至被误认为是暴行犯而被警察追赶的他，因为得到了力量而发誓要对这个世界复仇。希望世界毁灭的非理谷 VS 新之助。超能力大决战即将拉开帷幕！今年夏天，面对面对绝望的新之助放出的光芒，胸口和屁股都变得热乎乎的……,8.1,2023-11-25(中国大陆),https://movie.douban.com/subject/36188869/
107,死尸死时四十四 死屍死時四十四,“一栋大厦。一班业主。一条尸体。一晚。尽地一煲。”世人一思考，上帝就发笑。一个寻常夜晚，杜志铭夫妻与外母在家门前发现了一条无名裸尸。没人知道死尸的身份，他们只知道事件要是曝光，自住的单位会变凶宅，楼价一落千丈，业主变苦主。他们决定嫁祸别人，推死尸给邻居。同层有银发族陈生陈太、有未婚妇Mary姐、有火爆张氏父子、也有一个神秘的吸烟女。一梯四伙十一个活人，为着一个死人斗至你死我活，天亮前，他们只能求同存异，合作把尸体运出。是死尸的故事，更是人的故事。,6.2,2023-04-04(中国香港),https://movie.douban.com/subject/35914241/
108,志愿军：雄兵出击,1950年，朝鲜南北两个政权发生内战，未过多久，美国宣布参战，并且趁机对我国东北部展开轰炸，还派出舰队封锁台湾海峡，以阻挠中华民族统一大业的完成。危急存亡之时，我方高层展开连番慎重的讨论和推演，并派出周总理前往莫斯科请求斯大林的支援。然而斯大林模棱两可，我方又处于建国之初，百废待兴的艰苦阶段。但是为了保家卫国，御敌于国门之外，毛主席毅然决然派出由彭德怀同志（王砚辉 饰）率领的人民志愿军入朝作战。冰天雪地，战火纷飞。志愿军战士们面临的是与自己无论从国力还是装备都有着天壤之别的敌人，可是为了心中的理想，为了子孙后辈的安居乐业，他们甘愿抛头颅洒热血，朝着胜利勇敢前进……,6.9,2023-09-28(中国大陆),https://movie.douban.com/subject/35496350/
109,93国际列车大劫案：莫斯科行动,20世纪90年代初，东西方冷战以苏联解体落下帷幕。新建立的俄罗斯承前朝之弊，经济全面崩溃。而产业结构极度不平衡，又导致该国轻工业产品处于极度匮乏的局面。值此纷乱之际，改革开放之初的中国，一群头脑灵光的国人摇身一变化作“国际倒爷”。他们乘坐从北京开往莫斯科的K3次国际专列 ，带着中国生产的商品开启了淘金之旅。然而，对于他们来说，这很有可能是一场死亡之旅。以苗青山（黄轩 饰）为首的悍匪集团同样登上这趟列车，对乘客实施了惨无人道的抢劫和强暴，气焰极度嚣张。中国警察崔振海（张涵予 饰）临危受命，乔装打扮带领公安小队登上刀光血影的K3次列车……影片根据中国第一桩跨境追捕真实案件改编。,6.1,2023-09-29(中国大陆),https://movie.douban.com/subject/10810266/
